path,payload_bytes,consumers,iterations,latency_median_ms,latency_p95_ms,latency_p99_ms,publications_per_s,producer_MiB_per_s,delivered_MiB_per_s,copies_total,copies_producer_side,copies_per_consumer,zero_copy_consumers,all_consumers_received_everything,unix_socket_transport
tenzorbus_copy,65536,1,1500,0.0206,0.0539,0.1699,22283.9,1392.7,1392.7,1,1,0,True,True,
tenzorbus_direct,65536,1,1500,0.007,0.0245,1.7723,22206.1,1387.9,1387.9,1,1,0,True,True,
tenzorbus_direct_nofill,65536,1,1500,0.0027,0.0825,0.1654,24324.2,1520.3,1520.3,0,0,0,True,True,
unix_socket,65536,1,1500,0.0164,0.0791,2.604,37765.4,2360.3,2360.3,2,1,1,False,True,AF_UNIX/SOCK_STREAM socketpair inherited across exec
fifo,65536,1,1500,0.0583,0.1242,0.26,16560.0,1035.0,1035.0,2,1,1,False,True,
http_binary,65536,1,1500,0.0502,0.1086,0.2007,8385.5,524.1,524.1,3,1,2,False,True,
http_json_b64,65536,1,150,0.315,0.4126,0.6241,1420.1,88.8,88.8,6,3,3,False,True,
tenzorbus_copy,602112,1,334,0.0544,0.0802,3.6084,15006.5,8617.0,8617.0,1,1,0,True,True,
tenzorbus_direct,602112,1,334,0.0324,1.0338,5.5121,8124.2,4665.1,4665.1,1,1,0,True,True,
tenzorbus_direct_nofill,602112,1,334,0.0129,0.2481,2.4487,15378.0,8830.3,8830.3,0,0,0,True,True,
unix_socket,602112,1,334,0.1308,0.3883,4.5037,3367.3,1933.6,1933.6,2,1,1,False,True,AF_UNIX/SOCK_STREAM socketpair inherited across exec
fifo,602112,1,334,0.2546,0.4865,1.0815,3030.7,1740.3,1740.3,2,1,1,False,True,
http_binary,602112,1,334,0.115,0.3803,0.5755,3764.4,2161.6,2161.6,3,1,2,False,True,
http_json_b64,602112,1,33,3.5306,9.1518,10.6166,137.5,79.0,79.0,6,3,3,False,True,
tenzorbus_copy,4194304,1,48,0.6023,5.6162,6.0215,921.6,3686.4,3686.4,1,1,0,True,True,
tenzorbus_direct,4194304,1,48,0.2444,5.5885,6.7418,1480.7,5922.6,5922.6,1,1,0,True,True,
tenzorbus_direct_nofill,4194304,1,48,0.0165,2.2863,2.576,1617.1,6468.5,6468.5,0,0,0,True,True,
unix_socket,4194304,1,48,0.6948,6.5217,12.2449,664.9,2659.6,2659.6,2,1,1,False,True,AF_UNIX/SOCK_STREAM socketpair inherited across exec
fifo,4194304,1,48,2.0698,8.9832,10.1887,330.7,1323.0,1323.0,2,1,1,False,True,
http_binary,4194304,1,48,2.1372,3.1344,4.7329,456.6,1826.4,1826.4,3,1,2,False,True,
http_json_b64,4194304,1,10,23.1506,40.1447,40.1447,23.0,92.1,92.1,6,3,3,False,True,
tenzorbus_copy,16777216,1,40,1.6764,8.6112,13.4328,384.3,6148.9,6148.9,1,1,0,True,True,
tenzorbus_direct,16777216,1,40,2.2188,9.2045,17.393,286.3,4580.9,4580.9,1,1,0,True,True,
tenzorbus_direct_nofill,16777216,1,40,0.0158,1.5681,5.3836,318.2,5091.5,5091.5,0,0,0,True,True,
unix_socket,16777216,1,40,5.7339,11.8859,17.8809,157.3,2516.9,2516.9,2,1,1,False,True,AF_UNIX/SOCK_STREAM socketpair inherited across exec
fifo,16777216,1,40,11.662,28.3229,38.3837,75.0,1200.1,1200.1,2,1,1,False,True,
http_binary,16777216,1,40,4.6157,13.5294,20.9581,166.9,2670.7,2670.7,3,1,2,False,True,
http_json_b64,16777216,1,10,108.7102,119.9385,119.9385,5.3,84.7,84.7,6,3,3,False,True,
tenzorbus_copy,602112,2,334,0.2767,0.3881,0.4812,3620.6,2079.0,4158.0,1,1,0,True,True,
tenzorbus_direct,602112,2,334,0.2545,0.4664,3.0824,2744.5,1575.9,3151.9,1,1,0,True,True,
tenzorbus_direct_nofill,602112,2,334,0.0165,0.051,0.2834,7526.5,4321.9,8643.7,0,0,0,True,True,
unix_socket,602112,2,334,0.0809,0.167,0.3389,4932.4,2832.3,5664.5,3,1,1,False,True,AF_UNIX/SOCK_STREAM socketpair inherited across exec
fifo,602112,2,334,0.3464,1.6839,1.9781,1131.7,649.9,1299.7,3,1,1,False,True,
http_binary,602112,2,334,0.1255,0.3663,0.5544,2143.6,1230.9,2461.8,5,1,2,False,True,
http_json_b64,602112,2,33,2.701,3.8725,15.3251,83.3,47.8,95.7,9,3,3,False,True,
tenzorbus_copy,602112,4,334,0.1186,0.3382,0.3867,6637.4,3811.3,15245.3,1,1,0,True,True,
tenzorbus_direct,602112,4,334,0.0585,0.1293,0.2453,10360.6,5949.2,23796.9,1,1,0,True,True,
tenzorbus_direct_nofill,602112,4,334,0.0256,3.4016,30.0467,3246.3,1864.1,7456.3,0,0,0,True,True,
unix_socket,602112,4,334,0.1822,0.494,1.5056,1135.6,652.1,2608.2,5,1,1,False,True,AF_UNIX/SOCK_STREAM socketpair inherited across exec
fifo,602112,4,334,0.3275,0.5982,0.9751,695.7,399.5,1597.9,5,1,1,False,True,
http_binary,602112,4,334,0.1459,0.3634,0.6205,984.7,565.4,2261.7,9,1,2,False,True,
http_json_b64,602112,4,33,2.659,4.3261,71.0354,35.9,20.6,82.5,15,3,3,False,True,
tenzorbus_copy,602112,8,334,0.3496,0.5517,0.7028,2834.9,1627.9,13022.8,1,1,0,True,True,
tenzorbus_direct,602112,8,334,0.3003,0.4801,1.6344,2350.1,1349.4,10795.6,1,1,0,True,True,
tenzorbus_direct_nofill,602112,8,334,0.0359,0.3424,1.1393,4930.4,2831.1,22648.9,0,0,0,True,True,
unix_socket,602112,8,334,0.105,0.2006,0.3965,1121.3,643.9,5151.0,9,1,1,False,True,AF_UNIX/SOCK_STREAM socketpair inherited across exec
fifo,602112,8,334,0.3043,0.4835,1.5608,381.4,219.0,1752.0,9,1,1,False,True,
http_binary,602112,8,334,0.1625,0.4097,0.6423,451.3,259.1,2072.9,17,1,2,False,True,
http_json_b64,602112,8,33,2.6356,4.4261,9.2295,21.3,12.2,97.8,27,3,3,False,True,
